{"Dallas": 0.09640831758034027, "Houston": 0.011450381679389313, "": 75}